station,code,ID,scheduled,estimated,departed,arrived,diffMin,eta,from,to,prev_station,train_departure_schedule
TORONTO,TRTO,1 (04-16),2025-04-16 13:55:00+00:00,2025-04-16 13:55:00+00:00,True,False,0.0,ARR,TORONTO,VANCOUVER,,2025-04-16 13:55:00+00:00
WASHAGO,WSHG,1 (04-16),2025-04-16 16:25:00+00:00,2025-04-16 16:52:26+00:00,True,False,27.0,ARR,TORONTO,VANCOUVER,TORONTO,2025-04-16 13:55:00+00:00
SOUTH PARRY,SPAR,1 (04-16),2025-04-16 18:27:00+00:00,2025-04-16 18:35:52+00:00,True,False,8.0,ARR,TORONTO,VANCOUVER,WASHAGO,2025-04-16 13:55:00+00:00
SUDBURY (JCT.),SUDJ,1 (04-16),2025-04-16 20:57:00+00:00,2025-04-16 21:33:34+00:00,True,False,36.0,ARR,TORONTO,VANCOUVER,SOUTH PARRY,2025-04-16 13:55:00+00:00
CAPREOL,CAPR,1 (04-16),2025-04-16 21:22:00+00:00,2025-04-16 22:07:24+00:00,True,False,45.0,ARR,TORONTO,VANCOUVER,SUDBURY (JCT.),2025-04-16 13:55:00+00:00
LAFOREST,LAFO,1 (04-16),2025-04-16 22:48:00+00:00,2025-04-16 23:21:07+00:00,True,False,33.0,ARR,TORONTO,VANCOUVER,CAPREOL,2025-04-16 13:55:00+00:00
MCKEE'S CAMP,MCKC,1 (04-16),2025-04-16 23:01:00+00:00,2025-04-16 23:34:07+00:00,True,False,33.0,ARR,TORONTO,VANCOUVER,LAFOREST,2025-04-16 13:55:00+00:00
FELIX,FELX,1 (04-16),2025-04-16 23:21:00+00:00,2025-04-16 23:54:07+00:00,True,False,33.0,ARR,TORONTO,VANCOUVER,MCKEE'S CAMP,2025-04-16 13:55:00+00:00
RUEL,RUEL,1 (04-16),2025-04-16 23:28:00+00:00,2025-04-17 00:01:07+00:00,True,False,33.0,ARR,TORONTO,VANCOUVER,FELIX,2025-04-16 13:55:00+00:00
WESTREE,WSTR,1 (04-16),2025-04-16 23:45:00+00:00,2025-04-17 00:29:45+00:00,True,False,44.0,ARR,TORONTO,VANCOUVER,RUEL,2025-04-16 13:55:00+00:00
GOGAMA,GOGA,1 (04-16),2025-04-17 00:18:00+00:00,2025-04-17 00:58:22+00:00,True,False,40.0,ARR,TORONTO,VANCOUVER,WESTREE,2025-04-16 13:55:00+00:00
FOLEYET,FOLE,1 (04-16),2025-04-17 02:44:00+00:00,2025-04-17 03:27:31+00:00,True,False,43.0,ARR,TORONTO,VANCOUVER,GOGAMA,2025-04-16 13:55:00+00:00
ELSAS,ELSA,1 (04-16),2025-04-17 03:38:00+00:00,2025-04-17 04:22:02+00:00,True,False,44.0,ARR,TORONTO,VANCOUVER,FOLEYET,2025-04-16 13:55:00+00:00
OBA,OBAX,1 (04-16),2025-04-17 05:38:00+00:00,2025-04-17 06:22:02+00:00,True,False,44.0,ARR,TORONTO,VANCOUVER,ELSAS,2025-04-16 13:55:00+00:00
HORNEPAYNE,HNPN,1 (04-16),2025-04-17 06:29:00+00:00,2025-04-17 06:41:58+00:00,True,False,12.0,ARR,TORONTO,VANCOUVER,OBA,2025-04-16 13:55:00+00:00
HILLSPORT,HLSP,1 (04-16),2025-04-17 08:05:00+00:00,2025-04-17 08:13:30+00:00,True,False,8.0,ARR,TORONTO,VANCOUVER,HORNEPAYNE,2025-04-16 13:55:00+00:00
CARAMAT,CARA,1 (04-16),2025-04-17 08:55:00+00:00,2025-04-17 09:43:45+00:00,True,False,48.0,ARR,TORONTO,VANCOUVER,HILLSPORT,2025-04-16 13:55:00+00:00
LONGLAC,LLAC,1 (04-16),2025-04-17 09:34:00+00:00,2025-04-17 10:35:06+00:00,True,False,61.0,ARR,TORONTO,VANCOUVER,CARAMAT,2025-04-16 13:55:00+00:00
NAKINA,NAKI,1 (04-16),2025-04-17 10:13:00+00:00,2025-04-17 11:12:36+00:00,True,False,59.0,ARR,TORONTO,VANCOUVER,LONGLAC,2025-04-16 13:55:00+00:00
AUDEN,AUDN,1 (04-16),2025-04-17 11:19:00+00:00,2025-04-17 12:42:44+00:00,True,False,83.0,ARR,TORONTO,VANCOUVER,NAKINA,2025-04-16 13:55:00+00:00
FERLAND,FERL,1 (04-16),2025-04-17 11:56:00+00:00,2025-04-17 13:19:44+00:00,True,False,83.0,ARR,TORONTO,VANCOUVER,AUDEN,2025-04-16 13:55:00+00:00
MUD RIVER,MUDR,1 (04-16),2025-04-17 12:05:00+00:00,2025-04-17 13:28:44+00:00,True,False,83.0,ARR,TORONTO,VANCOUVER,FERLAND,2025-04-16 13:55:00+00:00
ARMSTRONG,ARMG,1 (04-16),2025-04-17 13:17:00+00:00,2025-04-17 14:20:51+00:00,True,False,63.0,ARR,TORONTO,VANCOUVER,MUD RIVER,2025-04-16 13:55:00+00:00
COLLINS,COLL,1 (04-16),2025-04-17 13:47:00+00:00,2025-04-17 14:54:15+00:00,True,False,67.0,ARR,TORONTO,VANCOUVER,ARMSTRONG,2025-04-16 13:55:00+00:00
ALLANWATER BRIDGE,ALWB,1 (04-16),2025-04-17 14:26:00+00:00,2025-04-17 15:33:15+00:00,True,False,67.0,ARR,TORONTO,VANCOUVER,COLLINS,2025-04-16 13:55:00+00:00
FLINDT LANDING,FLTL,1 (04-16),2025-04-17 14:42:00+00:00,2025-04-17 15:49:15+00:00,True,False,67.0,ARR,TORONTO,VANCOUVER,ALLANWATER BRIDGE,2025-04-16 13:55:00+00:00
SAVANT LAKE,SAVL,1 (04-16),2025-04-17 14:59:00+00:00,2025-04-17 16:06:15+00:00,True,False,67.0,ARR,TORONTO,VANCOUVER,FLINDT LANDING,2025-04-16 13:55:00+00:00
SIOUX LOOKOUT,SLKT,1 (04-16),2025-04-17 16:25:00+00:00,2025-04-17 17:48:12+00:00,True,False,83.0,ARR,TORONTO,VANCOUVER,SAVANT LAKE,2025-04-16 13:55:00+00:00
RICHAN,RCHN,1 (04-16),2025-04-17 18:05:00+00:00,2025-04-17 20:24:46+00:00,True,False,139.0,ARR,TORONTO,VANCOUVER,SIOUX LOOKOUT,2025-04-16 13:55:00+00:00
RED LAKE ROAD,RLRX,1 (04-16),2025-04-17 18:41:00+00:00,2025-04-17 20:55:51+00:00,True,False,134.0,ARR,TORONTO,VANCOUVER,RICHAN,2025-04-16 13:55:00+00:00
CANYON,CNYK,1 (04-16),2025-04-17 19:10:00+00:00,2025-04-17 21:23:48+00:00,True,False,133.0,ARR,TORONTO,VANCOUVER,RED LAKE ROAD,2025-04-16 13:55:00+00:00
FARLANE,FARL,1 (04-16),2025-04-17 19:47:00+00:00,2025-04-17 21:55:54+00:00,True,False,128.0,ARR,TORONTO,VANCOUVER,CANYON,2025-04-16 13:55:00+00:00
REDDITT,RDDT,1 (04-16),2025-04-17 20:23:00+00:00,2025-04-17 22:10:04+00:00,True,False,107.0,ARR,TORONTO,VANCOUVER,FARLANE,2025-04-16 13:55:00+00:00
MINAKI,MNKI,1 (04-16),2025-04-17 20:44:00+00:00,2025-04-17 22:33:08+00:00,True,False,109.0,ARR,TORONTO,VANCOUVER,REDDITT,2025-04-16 13:55:00+00:00
OTTERMERE,OTTM,1 (04-16),2025-04-17 21:01:00+00:00,2025-04-17 22:48:19+00:00,True,False,107.0,ARR,TORONTO,VANCOUVER,MINAKI,2025-04-16 13:55:00+00:00
MALACHI,MLCH,1 (04-16),2025-04-17 21:07:00+00:00,2025-04-17 22:55:56+00:00,True,False,108.0,ARR,TORONTO,VANCOUVER,OTTERMERE,2025-04-16 13:55:00+00:00
COPELANDS LANDING,COPE,1 (04-16),2025-04-17 21:09:00+00:00,2025-04-17 22:56:03+00:00,True,False,107.0,ARR,TORONTO,VANCOUVER,MALACHI,2025-04-16 13:55:00+00:00
RICE LAKE,RCLK,1 (04-16),2025-04-17 21:12:00+00:00,2025-04-17 23:05:16+00:00,True,False,113.0,ARR,TORONTO,VANCOUVER,COPELANDS LANDING,2025-04-16 13:55:00+00:00
WINNITOBA,WNTB,1 (04-16),2025-04-17 21:26:00+00:00,2025-04-17 23:15:18+00:00,True,False,109.0,ARR,TORONTO,VANCOUVER,RICE LAKE,2025-04-16 13:55:00+00:00
OPHIR,OPHR,1 (04-16),2025-04-17 21:31:00+00:00,2025-04-17 23:13:17+00:00,True,False,102.0,ARR,TORONTO,VANCOUVER,WINNITOBA,2025-04-16 13:55:00+00:00
BRERETON LAKE,BRTL,1 (04-16),2025-04-17 21:49:00+00:00,2025-04-17 23:26:52+00:00,True,False,97.0,ARR,TORONTO,VANCOUVER,OPHIR,2025-04-16 13:55:00+00:00
ELMA,ELMA,1 (04-16),2025-04-17 22:10:00+00:00,2025-04-18 01:49:54+00:00,True,False,219.0,ARR,TORONTO,VANCOUVER,BRERETON LAKE,2025-04-16 13:55:00+00:00
WINNIPEG,WNPG,1 (04-16),2025-04-18 00:30:00+00:00,2025-04-18 03:20:58+00:00,True,False,170.0,ARR,TORONTO,VANCOUVER,ELMA,2025-04-16 13:55:00+00:00
PORTAGE LA PRAIRIE,PLPX,1 (04-16),2025-04-18 04:04:00+00:00,2025-04-18 07:15:52+00:00,True,False,191.0,ARR,TORONTO,VANCOUVER,WINNIPEG,2025-04-16 13:55:00+00:00
RIVERS,RVRS,1 (04-16),2025-04-18 06:31:00+00:00,2025-04-18 09:14:27+00:00,True,False,163.0,ARR,TORONTO,VANCOUVER,PORTAGE LA PRAIRIE,2025-04-16 13:55:00+00:00
MELVILLE,MELV,1 (04-16),2025-04-18 10:54:00+00:00,2025-04-18 13:09:54+00:00,True,False,135.0,ARR,TORONTO,VANCOUVER,RIVERS,2025-04-16 13:55:00+00:00
WATROUS,WATR,1 (04-16),2025-04-18 13:54:00+00:00,2025-04-18 16:33:32+00:00,True,False,159.0,ARR,TORONTO,VANCOUVER,MELVILLE,2025-04-16 13:55:00+00:00
SASKATOON,SASK,1 (04-16),2025-04-18 15:50:00+00:00,2025-04-18 17:55:29+00:00,True,False,125.0,ARR,TORONTO,VANCOUVER,WATROUS,2025-04-16 13:55:00+00:00
BIGGAR,BIGG,1 (04-16),2025-04-18 18:29:00+00:00,2025-04-18 20:08:18+00:00,True,False,99.0,ARR,TORONTO,VANCOUVER,SASKATOON,2025-04-16 13:55:00+00:00
UNITY,UNIT,1 (04-16),2025-04-18 19:44:00+00:00,2025-04-18 22:10:46+00:00,True,False,146.0,ARR,TORONTO,VANCOUVER,BIGGAR,2025-04-16 13:55:00+00:00
WAINWRIGHT,WAIN,1 (04-16),2025-04-18 22:33:00+00:00,2025-04-18 23:43:46+00:00,True,False,70.0,ARR,TORONTO,VANCOUVER,UNITY,2025-04-16 13:55:00+00:00
VIKING,VKNG,1 (04-16),2025-04-18 23:26:00+00:00,2025-04-19 01:15:33+00:00,True,False,109.0,ARR,TORONTO,VANCOUVER,WAINWRIGHT,2025-04-16 13:55:00+00:00
EDMONTON,EDMO,1 (04-16),2025-04-19 02:50:00+00:00,2025-04-19 03:52:38+00:00,True,False,62.0,ARR,TORONTO,VANCOUVER,VIKING,2025-04-16 13:55:00+00:00
EVANSBURG,EVAN,1 (04-16),2025-04-19 07:29:00+00:00,2025-04-19 08:10:10+00:00,True,False,41.0,ARR,TORONTO,VANCOUVER,EDMONTON,2025-04-16 13:55:00+00:00
EDSON,EDSN,1 (04-16),2025-04-19 08:52:00+00:00,2025-04-19 10:13:27+00:00,True,False,81.0,ARR,TORONTO,VANCOUVER,EVANSBURG,2025-04-16 13:55:00+00:00
HINTON,HINT,1 (04-16),2025-04-19 09:58:00+00:00,2025-04-19 12:15:00+00:00,True,False,137.0,ARR,TORONTO,VANCOUVER,EDSON,2025-04-16 13:55:00+00:00
JASPER,JASP,1 (04-16),2025-04-19 12:30:00+00:00,2025-04-19 13:30:43+00:00,True,False,60.0,ARR,TORONTO,VANCOUVER,HINTON,2025-04-16 13:55:00+00:00
VALEMOUNT,VLMT,1 (04-16),2025-04-19 17:50:00+00:00,2025-04-19 18:32:34+00:00,True,False,42.0,ARR,TORONTO,VANCOUVER,JASPER,2025-04-16 13:55:00+00:00
BLUE RIVER,BLUE,1 (04-16),2025-04-19 20:36:00+00:00,2025-04-19 21:12:08+00:00,True,False,36.0,ARR,TORONTO,VANCOUVER,VALEMOUNT,2025-04-16 13:55:00+00:00
CLEARWATER,CLWT,1 (04-16),2025-04-19 22:45:00+00:00,2025-04-19 23:06:31+00:00,True,False,21.0,ARR,TORONTO,VANCOUVER,BLUE RIVER,2025-04-16 13:55:00+00:00
KAMLOOPS NORTH,KAMN,1 (04-16),2025-04-20 01:28:00+00:00,2025-04-20 01:21:19+00:00,True,False,-6.0,ARR,TORONTO,VANCOUVER,CLEARWATER,2025-04-16 13:55:00+00:00
ASHCROFT,ASHN,1 (04-16),2025-04-20 03:49:00+00:00,2025-04-20 03:29:46+00:00,True,False,-19.0,ARR,TORONTO,VANCOUVER,KAMLOOPS NORTH,2025-04-16 13:55:00+00:00
BOSTON BAR,BBAR,1 (04-16),2025-04-20 06:36:00+00:00,2025-04-20 06:15:10+00:00,True,False,-20.0,1h53,TORONTO,VANCOUVER,ASHCROFT,2025-04-16 13:55:00+00:00
HOPE,HOPE,1 (04-16),2025-04-20 08:06:00+00:00,2025-04-20 08:06:00+00:00,True,False,0.0,3h44,TORONTO,VANCOUVER,BOSTON BAR,2025-04-16 13:55:00+00:00
CHILLIWACK,CHIL,1 (04-16),2025-04-20 08:30:00+00:00,,True,False,,&mdash;,TORONTO,VANCOUVER,HOPE,2025-04-16 13:55:00+00:00
ABBOTSFORD,ABBO,1 (04-16),2025-04-20 09:00:00+00:00,,True,False,,&mdash;,TORONTO,VANCOUVER,CHILLIWACK,2025-04-16 13:55:00+00:00
VANCOUVER,VCVR,1 (04-16),2025-04-20 15:00:00+00:00,,True,False,,&mdash;,TORONTO,VANCOUVER,ABBOTSFORD,2025-04-16 13:55:00+00:00
VANCOUVER,VCVR,2 (04-18),2025-04-18 22:00:00+00:00,2025-04-18 22:00:01+00:00,True,False,0.0,ARR,VANCOUVER,TORONTO,,2025-04-18 22:00:00+00:00
MISSION HARBOUR,MSNH,2 (04-18),2025-04-18 23:35:00+00:00,2025-04-19 01:23:09+00:00,True,False,108.0,ARR,VANCOUVER,TORONTO,VANCOUVER,2025-04-18 22:00:00+00:00
AGASSIZ,AGAS,2 (04-18),2025-04-19 00:03:00+00:00,2025-04-19 02:07:40+00:00,True,False,124.0,ARR,VANCOUVER,TORONTO,MISSION HARBOUR,2025-04-18 22:00:00+00:00
KATZ,KATZ,2 (04-18),2025-04-19 00:17:00+00:00,2025-04-19 02:22:06+00:00,True,False,125.0,ARR,VANCOUVER,TORONTO,AGASSIZ,2025-04-18 22:00:00+00:00
NORTH BEND,NBND,2 (04-18),2025-04-19 02:46:00+00:00,2025-04-19 04:04:50+00:00,True,False,78.0,ARR,VANCOUVER,TORONTO,KATZ,2025-04-18 22:00:00+00:00
ASHCROFT,ASHN,2 (04-18),2025-04-19 05:32:00+00:00,2025-04-19 07:00:49+00:00,True,False,88.0,ARR,VANCOUVER,TORONTO,NORTH BEND,2025-04-18 22:00:00+00:00
KAMLOOPS NORTH,KAMN,2 (04-18),2025-04-19 07:17:00+00:00,2025-04-19 09:26:58+00:00,True,False,129.0,ARR,VANCOUVER,TORONTO,ASHCROFT,2025-04-18 22:00:00+00:00
CLEARWATER,CLWT,2 (04-18),2025-04-19 09:58:00+00:00,2025-04-19 11:53:50+00:00,True,False,115.0,ARR,VANCOUVER,TORONTO,KAMLOOPS NORTH,2025-04-18 22:00:00+00:00
BLUE RIVER,BLUE,2 (04-18),2025-04-19 12:11:00+00:00,2025-04-19 15:41:46+00:00,True,False,210.0,ARR,VANCOUVER,TORONTO,CLEARWATER,2025-04-18 22:00:00+00:00
VALEMOUNT,VLMT,2 (04-18),2025-04-19 14:01:00+00:00,2025-04-19 17:27:07+00:00,True,False,206.0,ARR,VANCOUVER,TORONTO,BLUE RIVER,2025-04-18 22:00:00+00:00
JASPER,JASP,2 (04-18),2025-04-19 17:00:00+00:00,2025-04-19 20:26:07+00:00,True,False,206.0,ARR,VANCOUVER,TORONTO,VALEMOUNT,2025-04-18 22:00:00+00:00
HINTON,HINT,2 (04-18),2025-04-19 19:45:00+00:00,2025-04-19 23:25:40+00:00,True,False,220.0,ARR,VANCOUVER,TORONTO,JASPER,2025-04-18 22:00:00+00:00
EDSON,EDSN,2 (04-18),2025-04-19 21:19:00+00:00,2025-04-20 01:04:01+00:00,True,False,225.0,ARR,VANCOUVER,TORONTO,HINTON,2025-04-18 22:00:00+00:00
EVANSBURG,EVAN,2 (04-18),2025-04-19 22:28:00+00:00,2025-04-20 02:28:58+00:00,True,False,240.0,ARR,VANCOUVER,TORONTO,EDSON,2025-04-18 22:00:00+00:00
EDMONTON,EDMO,2 (04-18),2025-04-20 00:50:00+00:00,2025-04-20 04:05:25+00:00,True,False,195.0,ARR,VANCOUVER,TORONTO,EVANSBURG,2025-04-18 22:00:00+00:00
VIKING,VKNG,2 (04-18),2025-04-20 03:53:00+00:00,2025-04-20 07:08:25+00:00,True,False,195.0,2h46,VANCOUVER,TORONTO,EDMONTON,2025-04-18 22:00:00+00:00
WAINWRIGHT,WAIN,2 (04-18),2025-04-20 06:14:00+00:00,2025-04-20 09:29:25+00:00,True,False,195.0,5h07,VANCOUVER,TORONTO,VIKING,2025-04-18 22:00:00+00:00
UNITY,UNIT,2 (04-18),2025-04-20 07:47:00+00:00,,True,False,,&mdash;,VANCOUVER,TORONTO,WAINWRIGHT,2025-04-18 22:00:00+00:00
BIGGAR,BIGG,2 (04-18),2025-04-20 09:21:00+00:00,,True,False,,&mdash;,VANCOUVER,TORONTO,UNITY,2025-04-18 22:00:00+00:00
SASKATOON,SASK,2 (04-18),2025-04-20 11:57:00+00:00,,True,False,,&mdash;,VANCOUVER,TORONTO,BIGGAR,2025-04-18 22:00:00+00:00
WATROUS,WATR,2 (04-18),2025-04-20 14:26:00+00:00,,True,False,,&mdash;,VANCOUVER,TORONTO,SASKATOON,2025-04-18 22:00:00+00:00
JASPER,JASP,5 (04-20),2025-04-20 16:45:00+00:00,,False,False,,&mdash;,JASPER,PRINCE RUPERT,,2025-04-20 16:45:00+00:00
TORONTO,TRTO,1 (04-20),2025-04-20 13:55:00+00:00,,False,False,,&mdash;,TORONTO,VANCOUVER,,2025-04-20 13:55:00+00:00
WASHAGO,WSHG,1 (04-20),2025-04-20 16:25:00+00:00,,False,False,,&mdash;,TORONTO,VANCOUVER,TORONTO,2025-04-20 13:55:00+00:00
LOOS,LOOS,5 (04-18),2025-04-18 20:58:00+00:00,2025-04-18 21:36:25+00:00,True,False,38.0,ARR,JASPER,PRINCE RUPERT,,2025-04-18 20:58:00+00:00
HUTTON,HUTT,5 (04-18),2025-04-18 22:24:00+00:00,2025-04-18 23:39:05+00:00,True,False,75.0,ARR,JASPER,PRINCE RUPERT,LOOS,2025-04-18 20:58:00+00:00
SINCLAIR MILLS,SINM,5 (04-18),2025-04-18 22:30:00+00:00,2025-04-18 23:45:05+00:00,True,False,75.0,ARR,JASPER,PRINCE RUPERT,HUTTON,2025-04-18 20:58:00+00:00
MCGREGOR,MCGR,5 (04-18),2025-04-18 22:43:00+00:00,2025-04-18 23:54:49+00:00,True,False,71.0,ARR,JASPER,PRINCE RUPERT,SINCLAIR MILLS,2025-04-18 20:58:00+00:00
UPPER FRASER,UFRZ,5 (04-18),2025-04-18 22:52:00+00:00,2025-04-19 00:03:49+00:00,True,False,71.0,ARR,JASPER,PRINCE RUPERT,MCGREGOR,2025-04-18 20:58:00+00:00
ALEZA LAKE,ALZL,5 (04-18),2025-04-18 23:01:00+00:00,2025-04-19 00:12:49+00:00,True,False,71.0,ARR,JASPER,PRINCE RUPERT,UPPER FRASER,2025-04-18 20:58:00+00:00
CASSIAR CANNERY,CASS,5 (04-18),2025-04-20 02:45:00+00:00,2025-04-20 03:57:55+00:00,True,False,72.0,ARR,JASPER,PRINCE RUPERT,ALEZA LAKE,2025-04-18 20:58:00+00:00
PRINCE RUPERT,PRUP,5 (04-18),2025-04-20 03:25:00+00:00,2025-04-20 04:29:57+00:00,True,False,64.0,8 mins,JASPER,PRINCE RUPERT,CASSIAR CANNERY,2025-04-18 20:58:00+00:00
THE PAS,TPAS,691,2025-04-18 07:30:00+00:00,2025-04-18 07:33:16+00:00,True,True,3.0,ARR,THE PAS,CHURCHILL,,2025-04-18 07:30:00+00:00
OROK,OROK,691,2025-04-18 08:07:00+00:00,2025-04-18 08:08:34+00:00,True,True,1.0,ARR,THE PAS,CHURCHILL,THE PAS,2025-04-18 07:30:00+00:00
HALCROW,HALC,691,2025-04-18 09:01:00+00:00,2025-04-18 08:53:49+00:00,True,True,-7.0,ARR,THE PAS,CHURCHILL,OROK,2025-04-18 07:30:00+00:00
CORMORANT,CORM,691,2025-04-18 09:12:00+00:00,2025-04-18 09:05:39+00:00,True,True,-6.0,ARR,THE PAS,CHURCHILL,HALCROW,2025-04-18 07:30:00+00:00
DERING,DERI,691,2025-04-18 09:20:00+00:00,2025-04-18 09:20:00+00:00,True,True,0.0,ARR,THE PAS,CHURCHILL,CORMORANT,2025-04-18 07:30:00+00:00
DYCE,DYCE,691,2025-04-18 09:59:00+00:00,2025-04-18 09:49:41+00:00,True,True,-9.0,ARR,THE PAS,CHURCHILL,DERING,2025-04-18 07:30:00+00:00
WEKUSKO,WEKU,691,2025-04-18 10:43:00+00:00,2025-04-18 10:25:57+00:00,True,True,-17.0,ARR,THE PAS,CHURCHILL,DYCE,2025-04-18 07:30:00+00:00
TURNBULL,TURN,691,2025-04-18 11:10:00+00:00,2025-04-18 10:48:38+00:00,True,True,-21.0,ARR,THE PAS,CHURCHILL,WEKUSKO,2025-04-18 07:30:00+00:00
PONTON,PNTN,691,2025-04-18 11:42:00+00:00,2025-04-18 11:15:28+00:00,True,True,-26.0,ARR,THE PAS,CHURCHILL,TURNBULL,2025-04-18 07:30:00+00:00
PIPUN,PIPN,691,2025-04-18 12:25:00+00:00,2025-04-18 12:01:22+00:00,True,True,-23.0,ARR,THE PAS,CHURCHILL,PONTON,2025-04-18 07:30:00+00:00
WABOWDEN,WBDN,691,2025-04-18 12:48:00+00:00,2025-04-18 12:17:11+00:00,True,True,-30.0,ARR,THE PAS,CHURCHILL,PIPUN,2025-04-18 07:30:00+00:00
LYDDAL,LYDD,691,2025-04-18 13:16:00+00:00,2025-04-18 13:14:11+00:00,True,True,-1.0,ARR,THE PAS,CHURCHILL,WABOWDEN,2025-04-18 07:30:00+00:00
ODHILL,ODHI,691,2025-04-18 13:38:00+00:00,2025-04-18 13:32:55+00:00,True,True,-5.0,ARR,THE PAS,CHURCHILL,LYDDAL,2025-04-18 07:30:00+00:00
HOCKIN,HOCK,691,2025-04-18 14:22:00+00:00,2025-04-18 14:09:34+00:00,True,True,-12.0,ARR,THE PAS,CHURCHILL,ODHILL,2025-04-18 07:30:00+00:00
THICKET PORTAGE,THKP,691,2025-04-18 14:37:00+00:00,2025-04-18 14:37:00+00:00,True,True,0.0,ARR,THE PAS,CHURCHILL,HOCKIN,2025-04-18 07:30:00+00:00
LEVEN,LEVN,691,2025-04-18 14:54:00+00:00,2025-04-18 14:41:34+00:00,True,True,-12.0,ARR,THE PAS,CHURCHILL,THICKET PORTAGE,2025-04-18 07:30:00+00:00
THOMPSON,THOM,691,2025-04-18 17:00:00+00:00,2025-04-18 18:14:05+00:00,True,True,74.0,ARR,THE PAS,CHURCHILL,LEVEN,2025-04-18 07:30:00+00:00
SIPIWESK,SIPI,691,2025-04-18 23:35:00+00:00,2025-04-18 23:26:47+00:00,True,True,-8.0,ARR,THE PAS,CHURCHILL,THOMPSON,2025-04-18 07:30:00+00:00
PIKWITONEI,PIKW,691,2025-04-19 00:02:00+00:00,2025-04-19 00:02:00+00:00,True,True,0.0,ARR,THE PAS,CHURCHILL,SIPIWESK,2025-04-18 07:30:00+00:00
BRIDGAR,BRGR,691,2025-04-19 00:13:00+00:00,2025-04-19 00:13:00+00:00,True,True,0.0,ARR,THE PAS,CHURCHILL,PIKWITONEI,2025-04-18 07:30:00+00:00
PIT SIDING,PITS,691,2025-04-19 01:35:00+00:00,2025-04-19 01:34:36+00:00,True,True,0.0,ARR,THE PAS,CHURCHILL,BRIDGAR,2025-04-18 07:30:00+00:00
ILFORD,ILFO,691,2025-04-19 02:36:00+00:00,2025-04-19 02:39:38+00:00,True,True,3.0,ARR,THE PAS,CHURCHILL,PIT SIDING,2025-04-18 07:30:00+00:00
WIVENHOE,WVHO,691,2025-04-19 03:13:00+00:00,2025-04-19 03:54:12+00:00,True,True,41.0,ARR,THE PAS,CHURCHILL,ILFORD,2025-04-18 07:30:00+00:00
GILLAM,GILL,691,2025-04-19 04:00:01+00:00,2025-04-19 04:44:56+00:00,True,True,44.0,ARR,THE PAS,CHURCHILL,WIVENHOE,2025-04-18 07:30:00+00:00
BIRD,BIRD,691,2025-04-19 05:29:00+00:00,2025-04-19 05:46:32+00:00,True,True,17.0,ARR,THE PAS,CHURCHILL,GILLAM,2025-04-18 07:30:00+00:00
AMERY,AMRY,691,2025-04-19 05:51:00+00:00,2025-04-19 06:19:38+00:00,True,True,28.0,ARR,THE PAS,CHURCHILL,BIRD,2025-04-18 07:30:00+00:00
WEIR RIVER,WEIR,691,2025-04-19 06:43:00+00:00,2025-04-19 07:14:35+00:00,True,True,31.0,ARR,THE PAS,CHURCHILL,AMERY,2025-04-18 07:30:00+00:00
THIBAUDEAU,THIB,691,2025-04-19 08:00:00+00:00,2025-04-19 08:02:18+00:00,True,True,2.0,ARR,THE PAS,CHURCHILL,WEIR RIVER,2025-04-18 07:30:00+00:00
HERCHMER,HERC,691,2025-04-19 09:26:00+00:00,2025-04-19 09:28:18+00:00,True,True,2.0,ARR,THE PAS,CHURCHILL,THIBAUDEAU,2025-04-18 07:30:00+00:00
O'DAY,ODAY,691,2025-04-19 10:05:00+00:00,2025-04-19 10:07:18+00:00,True,True,2.0,ARR,THE PAS,CHURCHILL,HERCHMER,2025-04-18 07:30:00+00:00
M'CLINTOCK,MCLI,691,2025-04-19 10:50:00+00:00,2025-04-19 10:52:18+00:00,True,True,2.0,ARR,THE PAS,CHURCHILL,O'DAY,2025-04-18 07:30:00+00:00
CHESNAYE,CHES,691,2025-04-19 12:06:00+00:00,2025-04-19 12:08:18+00:00,True,True,2.0,ARR,THE PAS,CHURCHILL,M'CLINTOCK,2025-04-18 07:30:00+00:00
TIDAL,TIDL,691,2025-04-19 13:37:00+00:00,2025-04-19 12:08:03+00:00,True,True,-88.0,ARR,THE PAS,CHURCHILL,CHESNAYE,2025-04-18 07:30:00+00:00
CHURCHILL,CHUR,691,2025-04-19 14:00:00+00:00,2025-04-19 12:49:01+00:00,True,True,-70.0,ARR,THE PAS,CHURCHILL,TIDAL,2025-04-18 07:30:00+00:00
CHURCHILL,CHUR,692,2025-04-20 01:30:00+00:00,2025-04-20 01:30:00+00:00,True,False,0.0,ARR,CHURCHILL,WINNIPEG,,2025-04-20 01:30:00+00:00
TIDAL,TIDL,692,2025-04-20 01:52:00+00:00,2025-04-20 01:55:18+00:00,True,False,3.0,ARR,CHURCHILL,WINNIPEG,CHURCHILL,2025-04-20 01:30:00+00:00
CHESNAYE,CHES,692,2025-04-20 02:38:00+00:00,2025-04-20 03:02:48+00:00,True,False,24.0,ARR,CHURCHILL,WINNIPEG,TIDAL,2025-04-20 01:30:00+00:00
M'CLINTOCK,MCLI,692,2025-04-20 03:54:00+00:00,2025-04-20 04:05:47+00:00,True,False,11.0,ARR,CHURCHILL,WINNIPEG,CHESNAYE,2025-04-20 01:30:00+00:00
O'DAY,ODAY,692,2025-04-20 04:39:00+00:00,2025-04-20 04:48:46+00:00,True,False,9.0,26 mins,CHURCHILL,WINNIPEG,M'CLINTOCK,2025-04-20 01:30:00+00:00
HERCHMER,HERC,692,2025-04-20 05:18:00+00:00,2025-04-20 05:27:46+00:00,True,False,9.0,1h05,CHURCHILL,WINNIPEG,O'DAY,2025-04-20 01:30:00+00:00
THIBAUDEAU,THIB,692,2025-04-20 06:44:00+00:00,2025-04-20 06:53:46+00:00,True,False,9.0,2h31,CHURCHILL,WINNIPEG,HERCHMER,2025-04-20 01:30:00+00:00
WEIR RIVER,WEIR,692,2025-04-20 07:46:00+00:00,2025-04-20 07:55:46+00:00,True,False,9.0,3h33,CHURCHILL,WINNIPEG,THIBAUDEAU,2025-04-20 01:30:00+00:00
AMERY,AMRY,692,2025-04-20 08:37:00+00:00,2025-04-20 08:46:46+00:00,True,False,9.0,4h24,CHURCHILL,WINNIPEG,WEIR RIVER,2025-04-20 01:30:00+00:00
BIRD,BIRD,692,2025-04-20 09:00:00+00:00,2025-04-20 09:09:46+00:00,True,False,9.0,4h47,CHURCHILL,WINNIPEG,AMERY,2025-04-20 01:30:00+00:00
GILLAM,GILL,692,2025-04-20 10:00:00+00:00,2025-04-20 10:09:46+00:00,True,False,9.0,5h47,CHURCHILL,WINNIPEG,BIRD,2025-04-20 01:30:00+00:00
WIVENHOE,WVHO,692,2025-04-20 11:16:00+00:00,2025-04-20 11:25:46+00:00,True,False,9.0,7h03,CHURCHILL,WINNIPEG,GILLAM,2025-04-20 01:30:00+00:00
ILFORD,ILFO,692,2025-04-20 11:53:00+00:00,2025-04-20 12:02:46+00:00,True,False,9.0,7h40,CHURCHILL,WINNIPEG,WIVENHOE,2025-04-20 01:30:00+00:00
PIT SIDING,PITS,692,2025-04-20 12:54:00+00:00,2025-04-20 13:03:46+00:00,True,False,9.0,8h41,CHURCHILL,WINNIPEG,ILFORD,2025-04-20 01:30:00+00:00
BRIDGAR,BRGR,692,2025-04-20 14:16:00+00:00,2025-04-20 14:25:46+00:00,True,False,9.0,10h03,CHURCHILL,WINNIPEG,PIT SIDING,2025-04-20 01:30:00+00:00
PIKWITONEI,PIKW,692,2025-04-20 14:27:00+00:00,2025-04-20 14:36:46+00:00,True,False,9.0,10h14,CHURCHILL,WINNIPEG,BRIDGAR,2025-04-20 01:30:00+00:00
SIPIWESK,SIPI,692,2025-04-20 14:54:00+00:00,2025-04-20 15:03:46+00:00,True,False,9.0,10h41,CHURCHILL,WINNIPEG,PIKWITONEI,2025-04-20 01:30:00+00:00
THOMPSON,THOM,692,2025-04-20 16:30:00+00:00,2025-04-20 16:39:46+00:00,True,False,9.0,12h17,CHURCHILL,WINNIPEG,SIPIWESK,2025-04-20 01:30:00+00:00
OTTAWA,OTTW,24,2025-04-20 14:13:00+00:00,,False,False,,&mdash;,OTTAWA,QUÉBEC,,2025-04-20 14:13:00+00:00
ALEXANDRIA,ALEX,24,2025-04-20 15:03:00+00:00,,False,False,,&mdash;,OTTAWA,QUÉBEC,OTTAWA,2025-04-20 14:13:00+00:00
COTEAU,COTO,24,2025-04-20 15:26:00+00:00,,False,False,,&mdash;,OTTAWA,QUÉBEC,ALEXANDRIA,2025-04-20 14:13:00+00:00
DORVAL,DORV,24,2025-04-20 15:50:00+00:00,,False,False,,&mdash;,OTTAWA,QUÉBEC,COTEAU,2025-04-20 14:13:00+00:00
MONTRÉAL,MTRL,24,2025-04-20 16:15:00+00:00,,False,False,,&mdash;,OTTAWA,QUÉBEC,DORVAL,2025-04-20 14:13:00+00:00
ST. LAMBERT,SLAM,24,2025-04-20 16:58:00+00:00,,False,False,,&mdash;,OTTAWA,QUÉBEC,MONTRÉAL,2025-04-20 14:13:00+00:00
ST. HYACINTHE,SHYA,24,2025-04-20 17:26:00+00:00,,False,False,,&mdash;,OTTAWA,QUÉBEC,ST. LAMBERT,2025-04-20 14:13:00+00:00
DRUMMONDVILLE,DRMV,24,2025-04-20 17:54:00+00:00,,False,False,,&mdash;,OTTAWA,QUÉBEC,ST. HYACINTHE,2025-04-20 14:13:00+00:00
QUÉBEC,QBEC,37,2025-04-20 16:32:00+00:00,,False,False,,&mdash;,QUÉBEC,OTTAWA,,2025-04-20 16:32:00+00:00
STE-FOY,SFOY,37,2025-04-20 16:57:00+00:00,,False,False,,&mdash;,QUÉBEC,OTTAWA,QUÉBEC,2025-04-20 16:32:00+00:00
TORONTO,TRTO,50,2025-04-20 10:32:00+00:00,,False,False,,&mdash;,TORONTO,OTTAWA,,2025-04-20 10:32:00+00:00
GUILDWOOD,GUIL,50,2025-04-20 10:50:00+00:00,,False,False,,&mdash;,TORONTO,OTTAWA,TORONTO,2025-04-20 10:32:00+00:00
OSHAWA,OSHA,50,2025-04-20 11:08:00+00:00,,False,False,,&mdash;,TORONTO,OTTAWA,GUILDWOOD,2025-04-20 10:32:00+00:00
COBOURG,CBRG,50,2025-04-20 11:43:00+00:00,,False,False,,&mdash;,TORONTO,OTTAWA,OSHAWA,2025-04-20 10:32:00+00:00
BELLEVILLE,BLVL,50,2025-04-20 12:18:00+00:00,,False,False,,&mdash;,TORONTO,OTTAWA,COBOURG,2025-04-20 10:32:00+00:00
KINGSTON,KGON,50,2025-04-20 12:57:00+00:00,,False,False,,&mdash;,TORONTO,OTTAWA,BELLEVILLE,2025-04-20 10:32:00+00:00
BROCKVILLE,BRKV,50,2025-04-20 13:54:00+00:00,,False,False,,&mdash;,TORONTO,OTTAWA,KINGSTON,2025-04-20 10:32:00+00:00
SMITHS FALLS,SMTF,50,2025-04-20 14:29:00+00:00,,False,False,,&mdash;,TORONTO,OTTAWA,BROCKVILLE,2025-04-20 10:32:00+00:00
FALLOWFIELD,FALL,50,2025-04-20 15:01:00+00:00,,False,False,,&mdash;,TORONTO,OTTAWA,SMITHS FALLS,2025-04-20 10:32:00+00:00
OTTAWA,OTTW,50,2025-04-20 15:21:00+00:00,,False,False,,&mdash;,TORONTO,OTTAWA,FALLOWFIELD,2025-04-20 10:32:00+00:00
TORONTO,TRTO,52,2025-04-20 12:32:00+00:00,,False,False,,&mdash;,TORONTO,OTTAWA,,2025-04-20 12:32:00+00:00
GUILDWOOD,GUIL,52,2025-04-20 12:50:00+00:00,,False,False,,&mdash;,TORONTO,OTTAWA,TORONTO,2025-04-20 12:32:00+00:00
OSHAWA,OSHA,52,2025-04-20 13:09:00+00:00,,False,False,,&mdash;,TORONTO,OTTAWA,GUILDWOOD,2025-04-20 12:32:00+00:00
COBOURG,CBRG,52,2025-04-20 13:44:00+00:00,,False,False,,&mdash;,TORONTO,OTTAWA,OSHAWA,2025-04-20 12:32:00+00:00
BELLEVILLE,BLVL,52,2025-04-20 14:20:00+00:00,,False,False,,&mdash;,TORONTO,OTTAWA,COBOURG,2025-04-20 12:32:00+00:00
KINGSTON,KGON,52,2025-04-20 15:00:00+00:00,,False,False,,&mdash;,TORONTO,OTTAWA,BELLEVILLE,2025-04-20 12:32:00+00:00
BROCKVILLE,BRKV,52,2025-04-20 15:57:00+00:00,,False,False,,&mdash;,TORONTO,OTTAWA,KINGSTON,2025-04-20 12:32:00+00:00
SMITHS FALLS,SMTF,52,2025-04-20 16:35:00+00:00,,False,False,,&mdash;,TORONTO,OTTAWA,BROCKVILLE,2025-04-20 12:32:00+00:00
FALLOWFIELD,FALL,52,2025-04-20 17:11:00+00:00,,False,False,,&mdash;,TORONTO,OTTAWA,SMITHS FALLS,2025-04-20 12:32:00+00:00
OTTAWA,OTTW,52,2025-04-20 17:32:00+00:00,,False,False,,&mdash;,TORONTO,OTTAWA,FALLOWFIELD,2025-04-20 12:32:00+00:00
OTTAWA,OTTW,53,2025-04-20 15:43:00+00:00,,False,False,,&mdash;,OTTAWA,TORONTO,,2025-04-20 15:43:00+00:00
FALLOWFIELD,FALL,53,2025-04-20 16:00:00+00:00,,False,False,,&mdash;,OTTAWA,TORONTO,OTTAWA,2025-04-20 15:43:00+00:00
BROCKVILLE,BRKV,53,2025-04-20 17:01:00+00:00,,False,False,,&mdash;,OTTAWA,TORONTO,FALLOWFIELD,2025-04-20 15:43:00+00:00
GANANOQUE,GANA,53,2025-04-20 17:31:00+00:00,,False,False,,&mdash;,OTTAWA,TORONTO,BROCKVILLE,2025-04-20 15:43:00+00:00
KINGSTON,KGON,53,2025-04-20 17:54:00+00:00,,False,False,,&mdash;,OTTAWA,TORONTO,GANANOQUE,2025-04-20 15:43:00+00:00
TORONTO,TRTO,64,2025-04-20 15:37:00+00:00,,False,False,,&mdash;,TORONTO,MONTRÉAL,,2025-04-20 15:37:00+00:00
GUILDWOOD,GUIL,64,2025-04-20 15:55:00+00:00,,False,False,,&mdash;,TORONTO,MONTRÉAL,TORONTO,2025-04-20 15:37:00+00:00
OSHAWA,OSHA,64,2025-04-20 16:09:00+00:00,,False,False,,&mdash;,TORONTO,MONTRÉAL,GUILDWOOD,2025-04-20 15:37:00+00:00
COBOURG,CBRG,64,2025-04-20 16:46:00+00:00,,False,False,,&mdash;,TORONTO,MONTRÉAL,OSHAWA,2025-04-20 15:37:00+00:00
BELLEVILLE,BLVL,64,2025-04-20 17:22:00+00:00,,False,False,,&mdash;,TORONTO,MONTRÉAL,COBOURG,2025-04-20 15:37:00+00:00
KINGSTON,KGON,64,2025-04-20 18:03:00+00:00,,False,False,,&mdash;,TORONTO,MONTRÉAL,BELLEVILLE,2025-04-20 15:37:00+00:00
MONTRÉAL,MTRL,65,2025-04-20 14:49:00+00:00,,False,False,,&mdash;,MONTRÉAL,TORONTO,,2025-04-20 14:49:00+00:00
DORVAL,DORV,65,2025-04-20 15:12:00+00:00,,False,False,,&mdash;,MONTRÉAL,TORONTO,MONTRÉAL,2025-04-20 14:49:00+00:00
CORNWALL,CWLL,65,2025-04-20 16:06:00+00:00,,False,False,,&mdash;,MONTRÉAL,TORONTO,DORVAL,2025-04-20 14:49:00+00:00
KINGSTON,KGON,65,2025-04-20 17:36:00+00:00,,False,False,,&mdash;,MONTRÉAL,TORONTO,CORNWALL,2025-04-20 14:49:00+00:00
BELLEVILLE,BLVL,65,2025-04-20 18:20:00+00:00,,False,False,,&mdash;,MONTRÉAL,TORONTO,KINGSTON,2025-04-20 14:49:00+00:00
MONTRÉAL,MTRL,67,2025-04-20 17:22:00+00:00,,False,False,,&mdash;,MONTRÉAL,TORONTO,,2025-04-20 17:22:00+00:00
DORVAL,DORV,67,2025-04-20 17:47:00+00:00,,False,False,,&mdash;,MONTRÉAL,TORONTO,MONTRÉAL,2025-04-20 17:22:00+00:00
WINDSOR,WDON,70,2025-04-20 09:35:00+00:00,,False,False,,&mdash;,WINDSOR,TORONTO,,2025-04-20 09:35:00+00:00
CHATHAM,CHAT,70,2025-04-20 10:19:00+00:00,,False,False,,&mdash;,WINDSOR,TORONTO,WINDSOR,2025-04-20 09:35:00+00:00
LONDON,LNDN,70,2025-04-20 11:25:00+00:00,,False,False,,&mdash;,WINDSOR,TORONTO,CHATHAM,2025-04-20 09:35:00+00:00
INGERSOLL,INGR,70,2025-04-20 11:55:00+00:00,,False,False,,&mdash;,WINDSOR,TORONTO,LONDON,2025-04-20 09:35:00+00:00
WOODSTOCK,WDST,70,2025-04-20 12:08:00+00:00,,False,False,,&mdash;,WINDSOR,TORONTO,INGERSOLL,2025-04-20 09:35:00+00:00
BRANTFORD,BRTF,70,2025-04-20 12:44:00+00:00,,False,False,,&mdash;,WINDSOR,TORONTO,WOODSTOCK,2025-04-20 09:35:00+00:00
ALDERSHOT,ALDR,70,2025-04-20 13:25:00+00:00,,False,False,,&mdash;,WINDSOR,TORONTO,BRANTFORD,2025-04-20 09:35:00+00:00
OAKVILLE,OAKV,70,2025-04-20 13:43:00+00:00,,False,False,,&mdash;,WINDSOR,TORONTO,ALDERSHOT,2025-04-20 09:35:00+00:00
TORONTO,TRTO,70,2025-04-20 14:10:00+00:00,,False,False,,&mdash;,WINDSOR,TORONTO,OAKVILLE,2025-04-20 09:35:00+00:00
TORONTO,TRTO,71,2025-04-20 10:50:00+00:00,,False,False,,&mdash;,TORONTO,WINDSOR,,2025-04-20 10:50:00+00:00
OAKVILLE,OAKV,71,2025-04-20 11:13:00+00:00,,False,False,,&mdash;,TORONTO,WINDSOR,TORONTO,2025-04-20 10:50:00+00:00
ALDERSHOT,ALDR,71,2025-04-20 11:29:00+00:00,,False,False,,&mdash;,TORONTO,WINDSOR,OAKVILLE,2025-04-20 10:50:00+00:00
BRANTFORD,BRTF,71,2025-04-20 11:55:00+00:00,,False,False,,&mdash;,TORONTO,WINDSOR,ALDERSHOT,2025-04-20 10:50:00+00:00
WOODSTOCK,WDST,71,2025-04-20 12:30:00+00:00,,False,False,,&mdash;,TORONTO,WINDSOR,BRANTFORD,2025-04-20 10:50:00+00:00
INGERSOLL,INGR,71,2025-04-20 12:43:00+00:00,,False,False,,&mdash;,TORONTO,WINDSOR,WOODSTOCK,2025-04-20 10:50:00+00:00
LONDON,LNDN,71,2025-04-20 13:06:00+00:00,,False,False,,&mdash;,TORONTO,WINDSOR,INGERSOLL,2025-04-20 10:50:00+00:00
GLENCOE,GLNC,71,2025-04-20 13:39:00+00:00,,False,False,,&mdash;,TORONTO,WINDSOR,LONDON,2025-04-20 10:50:00+00:00
CHATHAM,CHAT,71,2025-04-20 14:18:00+00:00,,False,False,,&mdash;,TORONTO,WINDSOR,GLENCOE,2025-04-20 10:50:00+00:00
WINDSOR,WDON,71,2025-04-20 15:08:00+00:00,,False,False,,&mdash;,TORONTO,WINDSOR,CHATHAM,2025-04-20 10:50:00+00:00
WINDSOR,WDON,72,2025-04-20 12:43:00+00:00,,False,False,,&mdash;,WINDSOR,TORONTO,,2025-04-20 12:43:00+00:00
CHATHAM,CHAT,72,2025-04-20 13:25:00+00:00,,False,False,,&mdash;,WINDSOR,TORONTO,WINDSOR,2025-04-20 12:43:00+00:00
GLENCOE,GLNC,72,2025-04-20 14:05:00+00:00,,False,False,,&mdash;,WINDSOR,TORONTO,CHATHAM,2025-04-20 12:43:00+00:00
LONDON,LNDN,72,2025-04-20 14:39:00+00:00,,False,False,,&mdash;,WINDSOR,TORONTO,GLENCOE,2025-04-20 12:43:00+00:00
INGERSOLL,INGR,72,2025-04-20 15:07:00+00:00,,False,False,,&mdash;,WINDSOR,TORONTO,LONDON,2025-04-20 12:43:00+00:00
WOODSTOCK,WDST,72,2025-04-20 15:23:00+00:00,,False,False,,&mdash;,WINDSOR,TORONTO,INGERSOLL,2025-04-20 12:43:00+00:00
BRANTFORD,BRTF,72,2025-04-20 15:55:00+00:00,,False,False,,&mdash;,WINDSOR,TORONTO,WOODSTOCK,2025-04-20 12:43:00+00:00
ALDERSHOT,ALDR,72,2025-04-20 16:29:00+00:00,,False,False,,&mdash;,WINDSOR,TORONTO,BRANTFORD,2025-04-20 12:43:00+00:00
OAKVILLE,OAKV,72,2025-04-20 16:45:00+00:00,,False,False,,&mdash;,WINDSOR,TORONTO,ALDERSHOT,2025-04-20 12:43:00+00:00
TORONTO,TRTO,72,2025-04-20 17:11:00+00:00,,False,False,,&mdash;,WINDSOR,TORONTO,OAKVILLE,2025-04-20 12:43:00+00:00
TORONTO,TRTO,73,2025-04-20 15:30:00+00:00,,False,False,,&mdash;,TORONTO,WINDSOR,,2025-04-20 15:30:00+00:00
OAKVILLE,OAKV,73,2025-04-20 15:51:00+00:00,,False,False,,&mdash;,TORONTO,WINDSOR,TORONTO,2025-04-20 15:30:00+00:00
ALDERSHOT,ALDR,73,2025-04-20 16:09:00+00:00,,False,False,,&mdash;,TORONTO,WINDSOR,OAKVILLE,2025-04-20 15:30:00+00:00
BRANTFORD,BRTF,73,2025-04-20 16:40:00+00:00,,False,False,,&mdash;,TORONTO,WINDSOR,ALDERSHOT,2025-04-20 15:30:00+00:00
WOODSTOCK,WDST,73,2025-04-20 17:09:00+00:00,,False,False,,&mdash;,TORONTO,WINDSOR,BRANTFORD,2025-04-20 15:30:00+00:00
LONDON,LNDN,73,2025-04-20 17:38:00+00:00,,False,False,,&mdash;,TORONTO,WINDSOR,WOODSTOCK,2025-04-20 15:30:00+00:00
WINDSOR,WDON,76,2025-04-20 17:46:00+00:00,,False,False,,&mdash;,WINDSOR,TORONTO,,2025-04-20 17:46:00+00:00
SARNIA,SARN,84,2025-04-20 12:40:00+00:00,,False,False,,&mdash;,SARNIA,TORONTO,,2025-04-20 12:40:00+00:00
WYOMING,WYOM,84,2025-04-20 12:55:00+00:00,,False,False,,&mdash;,SARNIA,TORONTO,SARNIA,2025-04-20 12:40:00+00:00
STRATHROY,STRR,84,2025-04-20 13:27:00+00:00,,False,False,,&mdash;,SARNIA,TORONTO,WYOMING,2025-04-20 12:40:00+00:00
LONDON,LNDN,84,2025-04-20 13:52:00+00:00,,False,False,,&mdash;,SARNIA,TORONTO,STRATHROY,2025-04-20 12:40:00+00:00
ST.MARYS,SMYS,84,2025-04-20 14:45:00+00:00,,False,False,,&mdash;,SARNIA,TORONTO,LONDON,2025-04-20 12:40:00+00:00
STRATFORD,STRF,84,2025-04-20 15:14:00+00:00,,False,False,,&mdash;,SARNIA,TORONTO,ST.MARYS,2025-04-20 12:40:00+00:00
KITCHENER,KITC,84,2025-04-20 16:02:00+00:00,,False,False,,&mdash;,SARNIA,TORONTO,STRATFORD,2025-04-20 12:40:00+00:00
GUELPH,GUEL,84,2025-04-20 16:24:00+00:00,,False,False,,&mdash;,SARNIA,TORONTO,KITCHENER,2025-04-20 12:40:00+00:00
GEORGETOWN,GEOR,84,2025-04-20 16:47:00+00:00,,False,False,,&mdash;,SARNIA,TORONTO,GUELPH,2025-04-20 12:40:00+00:00
BRAMPTON,BRMP,84,2025-04-20 16:59:00+00:00,,False,False,,&mdash;,SARNIA,TORONTO,GEORGETOWN,2025-04-20 12:40:00+00:00
MALTON,MALT,84,2025-04-20 17:11:00+00:00,,False,False,,&mdash;,SARNIA,TORONTO,BRAMPTON,2025-04-20 12:40:00+00:00
TORONTO,TRTO,84,2025-04-20 17:38:00+00:00,,False,False,,&mdash;,SARNIA,TORONTO,MALTON,2025-04-20 12:40:00+00:00
TORONTO,TRTO,97,2025-04-20 12:20:00+00:00,2025-04-20 12:20:00+00:00,False,False,0.0,7h58,TORONTO,NIAGARA FALLS,,2025-04-20 12:20:00+00:00
OAKVILLE,OAKV,97,2025-04-20 12:43:00+00:00,2025-04-20 12:43:00+00:00,False,False,0.0,8h21,TORONTO,NIAGARA FALLS,TORONTO,2025-04-20 12:20:00+00:00
ALDERSHOT,ALDR,97,2025-04-20 12:56:00+00:00,2025-04-20 12:56:00+00:00,False,False,0.0,8h34,TORONTO,NIAGARA FALLS,OAKVILLE,2025-04-20 12:20:00+00:00
GRIMSBY,GRIM,97,2025-04-20 13:37:00+00:00,2025-04-20 13:37:00+00:00,False,False,0.0,9h15,TORONTO,NIAGARA FALLS,ALDERSHOT,2025-04-20 12:20:00+00:00
ST. CATHARINES,SCAT,97,2025-04-20 13:57:00+00:00,2025-04-20 13:57:00+00:00,False,False,0.0,9h35,TORONTO,NIAGARA FALLS,GRIMSBY,2025-04-20 12:20:00+00:00
NIAGARA FALLS,NIAG,97,2025-04-20 14:20:00+00:00,2025-04-20 14:20:00+00:00,False,False,0.0,9h58,TORONTO,NIAGARA FALLS,ST. CATHARINES,2025-04-20 12:20:00+00:00
OTTAWA,OTTW,643,2025-04-20 12:29:00+00:00,,False,False,,&mdash;,OTTAWA,TORONTO,,2025-04-20 12:29:00+00:00
FALLOWFIELD,FALL,643,2025-04-20 12:45:00+00:00,,False,False,,&mdash;,OTTAWA,TORONTO,OTTAWA,2025-04-20 12:29:00+00:00
SMITHS FALLS,SMTF,643,2025-04-20 13:17:00+00:00,,False,False,,&mdash;,OTTAWA,TORONTO,FALLOWFIELD,2025-04-20 12:29:00+00:00
BROCKVILLE,BRKV,643,2025-04-20 13:49:00+00:00,,False,False,,&mdash;,OTTAWA,TORONTO,SMITHS FALLS,2025-04-20 12:29:00+00:00
KINGSTON,KGON,643,2025-04-20 14:32:00+00:00,,False,False,,&mdash;,OTTAWA,TORONTO,BROCKVILLE,2025-04-20 12:29:00+00:00
NAPANEE,NAPN,643,2025-04-20 14:57:00+00:00,,False,False,,&mdash;,OTTAWA,TORONTO,KINGSTON,2025-04-20 12:29:00+00:00
BELLEVILLE,BLVL,643,2025-04-20 15:17:00+00:00,,False,False,,&mdash;,OTTAWA,TORONTO,NAPANEE,2025-04-20 12:29:00+00:00
TRENTON JCT.,TRNJ,643,2025-04-20 15:31:00+00:00,,False,False,,&mdash;,OTTAWA,TORONTO,BELLEVILLE,2025-04-20 12:29:00+00:00
COBOURG,CBRG,643,2025-04-20 15:57:00+00:00,,False,False,,&mdash;,OTTAWA,TORONTO,TRENTON JCT.,2025-04-20 12:29:00+00:00
PORT HOPE,PHOP,643,2025-04-20 16:07:00+00:00,,False,False,,&mdash;,OTTAWA,TORONTO,COBOURG,2025-04-20 12:29:00+00:00
OSHAWA,OSHA,643,2025-04-20 16:35:00+00:00,,False,False,,&mdash;,OTTAWA,TORONTO,PORT HOPE,2025-04-20 12:29:00+00:00
GUILDWOOD,GUIL,643,2025-04-20 16:58:00+00:00,,False,False,,&mdash;,OTTAWA,TORONTO,OSHAWA,2025-04-20 12:29:00+00:00
TORONTO,TRTO,643,2025-04-20 17:18:00+00:00,,False,False,,&mdash;,OTTAWA,TORONTO,GUILDWOOD,2025-04-20 12:29:00+00:00
MONTRÉAL,MTRL,633,2025-04-20 13:00:00+00:00,,False,False,,&mdash;,MONTRÉAL,OTTAWA,,2025-04-20 13:00:00+00:00
DORVAL,DORV,633,2025-04-20 13:24:00+00:00,,False,False,,&mdash;,MONTRÉAL,OTTAWA,MONTRÉAL,2025-04-20 13:00:00+00:00
ALEXANDRIA,ALEX,633,2025-04-20 14:11:00+00:00,,False,False,,&mdash;,MONTRÉAL,OTTAWA,DORVAL,2025-04-20 13:00:00+00:00
CASSELMAN,CSLM,633,2025-04-20 14:34:00+00:00,,False,False,,&mdash;,MONTRÉAL,OTTAWA,ALEXANDRIA,2025-04-20 13:00:00+00:00
OTTAWA,OTTW,633,2025-04-20 15:05:00+00:00,,False,False,,&mdash;,MONTRÉAL,OTTAWA,CASSELMAN,2025-04-20 13:00:00+00:00
TORONTO,TRTO,62,2025-04-20 12:32:00+00:00,,False,False,,&mdash;,TORONTO,MONTRÉAL,,2025-04-20 12:32:00+00:00
GUILDWOOD,GUIL,62,2025-04-20 12:50:00+00:00,,False,False,,&mdash;,TORONTO,MONTRÉAL,TORONTO,2025-04-20 12:32:00+00:00
OSHAWA,OSHA,62,2025-04-20 13:09:00+00:00,,False,False,,&mdash;,TORONTO,MONTRÉAL,GUILDWOOD,2025-04-20 12:32:00+00:00
COBOURG,CBRG,62,2025-04-20 13:44:00+00:00,,False,False,,&mdash;,TORONTO,MONTRÉAL,OSHAWA,2025-04-20 12:32:00+00:00
BELLEVILLE,BLVL,62,2025-04-20 14:20:00+00:00,,False,False,,&mdash;,TORONTO,MONTRÉAL,COBOURG,2025-04-20 12:32:00+00:00
KINGSTON,KGON,62,2025-04-20 15:00:00+00:00,,False,False,,&mdash;,TORONTO,MONTRÉAL,BELLEVILLE,2025-04-20 12:32:00+00:00
CORNWALL,CWLL,62,2025-04-20 16:43:00+00:00,,False,False,,&mdash;,TORONTO,MONTRÉAL,KINGSTON,2025-04-20 12:32:00+00:00
DORVAL,DORV,62,2025-04-20 17:34:00+00:00,,False,False,,&mdash;,TORONTO,MONTRÉAL,CORNWALL,2025-04-20 12:32:00+00:00
MONTRÉAL,MTRL,62,2025-04-20 18:00:00+00:00,,False,False,,&mdash;,TORONTO,MONTRÉAL,DORVAL,2025-04-20 12:32:00+00:00
MONTRÉAL,MTRL,622,2025-04-20 12:20:00+00:00,,False,False,,&mdash;,MONTRÉAL,QUÉBEC,,2025-04-20 12:20:00+00:00
ST. LAMBERT,SLAM,622,2025-04-20 12:33:00+00:00,,False,False,,&mdash;,MONTRÉAL,QUÉBEC,MONTRÉAL,2025-04-20 12:20:00+00:00
ST. HYACINTHE,SHYA,622,2025-04-20 13:00:00+00:00,,False,False,,&mdash;,MONTRÉAL,QUÉBEC,ST. LAMBERT,2025-04-20 12:20:00+00:00
DRUMMONDVILLE,DRMV,622,2025-04-20 13:29:00+00:00,,False,False,,&mdash;,MONTRÉAL,QUÉBEC,ST. HYACINTHE,2025-04-20 12:20:00+00:00
STE-FOY,SFOY,622,2025-04-20 15:11:00+00:00,,False,False,,&mdash;,MONTRÉAL,QUÉBEC,DRUMMONDVILLE,2025-04-20 12:20:00+00:00
QUÉBEC,QBEC,622,2025-04-20 15:39:00+00:00,,False,False,,&mdash;,MONTRÉAL,QUÉBEC,STE-FOY,2025-04-20 12:20:00+00:00
OTTAWA,OTTW,45,2025-04-20 14:24:00+00:00,,False,False,,&mdash;,OTTAWA,TORONTO,,2025-04-20 14:24:00+00:00
FALLOWFIELD,FALL,45,2025-04-20 14:40:00+00:00,,False,False,,&mdash;,OTTAWA,TORONTO,OTTAWA,2025-04-20 14:24:00+00:00
KINGSTON,KGON,45,2025-04-20 16:26:00+00:00,,False,False,,&mdash;,OTTAWA,TORONTO,FALLOWFIELD,2025-04-20 14:24:00+00:00
OTTAWA,OTTW,43,2025-04-20 13:35:00+00:00,,False,False,,&mdash;,OTTAWA,TORONTO,,2025-04-20 13:35:00+00:00
FALLOWFIELD,FALL,43,2025-04-20 13:52:00+00:00,,False,False,,&mdash;,OTTAWA,TORONTO,OTTAWA,2025-04-20 13:35:00+00:00
KINGSTON,KGON,43,2025-04-20 15:31:00+00:00,,False,False,,&mdash;,OTTAWA,TORONTO,FALLOWFIELD,2025-04-20 13:35:00+00:00
GUILDWOOD,GUIL,43,2025-04-20 17:28:00+00:00,,False,False,,&mdash;,OTTAWA,TORONTO,KINGSTON,2025-04-20 13:35:00+00:00
TORONTO,TRTO,43,2025-04-20 17:48:00+00:00,,False,False,,&mdash;,OTTAWA,TORONTO,GUILDWOOD,2025-04-20 13:35:00+00:00
QUÉBEC,QBEC,637,2025-04-20 14:00:00+00:00,,False,False,,&mdash;,QUÉBEC,OTTAWA,,2025-04-20 14:00:00+00:00
STE-FOY,SFOY,637,2025-04-20 14:25:00+00:00,,False,False,,&mdash;,QUÉBEC,OTTAWA,QUÉBEC,2025-04-20 14:00:00+00:00
DRUMMONDVILLE,DRMV,637,2025-04-20 16:08:00+00:00,,False,False,,&mdash;,QUÉBEC,OTTAWA,STE-FOY,2025-04-20 14:00:00+00:00
ST. LAMBERT,SLAM,637,2025-04-20 17:16:00+00:00,,False,False,,&mdash;,QUÉBEC,OTTAWA,DRUMMONDVILLE,2025-04-20 14:00:00+00:00
MONTRÉAL,MTRL,637,2025-04-20 17:31:00+00:00,,False,False,,&mdash;,QUÉBEC,OTTAWA,ST. LAMBERT,2025-04-20 14:00:00+00:00
DORVAL,DORV,637,2025-04-20 18:20:00+00:00,2025-04-20 18:20:00+00:00,False,False,0.0,13h58,QUÉBEC,OTTAWA,MONTRÉAL,2025-04-20 14:00:00+00:00
WINNIPEG,WNPG,693,2025-04-20 17:05:00+00:00,,False,False,,&mdash;,WINNIPEG,CHURCHILL,,2025-04-20 17:05:00+00:00
PORTAGE LA PRAIRIE,PLPX,693,2025-04-20 18:15:00+00:00,,False,False,,&mdash;,WINNIPEG,CHURCHILL,WINNIPEG,2025-04-20 17:05:00+00:00
WHITE RIVER,WHTR,186,2025-04-20 11:00:00+00:00,,False,False,,&mdash;,WHITE RIVER,SUDBURY,,2025-04-20 11:00:00+00:00
O'BRIEN,OBRI,186,2025-04-20 11:15:00+00:00,,False,False,,&mdash;,WHITE RIVER,SUDBURY,WHITE RIVER,2025-04-20 11:00:00+00:00
AMYOT,AMYO,186,2025-04-20 11:35:00+00:00,,False,False,,&mdash;,WHITE RIVER,SUDBURY,O'BRIEN,2025-04-20 11:00:00+00:00
GIRDWOOD,GIRD,186,2025-04-20 11:45:00+00:00,,False,False,,&mdash;,WHITE RIVER,SUDBURY,AMYOT,2025-04-20 11:00:00+00:00
SWANSON,SWAN,186,2025-04-20 12:10:00+00:00,,False,False,,&mdash;,WHITE RIVER,SUDBURY,GIRDWOOD,2025-04-20 11:00:00+00:00
FRANZ,FRNZ,186,2025-04-20 12:20:00+00:00,,False,False,,&mdash;,WHITE RIVER,SUDBURY,SWANSON,2025-04-20 11:00:00+00:00
LOCHALSH,LOCH,186,2025-04-20 12:40:00+00:00,,False,False,,&mdash;,WHITE RIVER,SUDBURY,FRANZ,2025-04-20 11:00:00+00:00
MISSANABIE,MSBI,186,2025-04-20 13:00:00+00:00,,False,False,,&mdash;,WHITE RIVER,SUDBURY,LOCHALSH,2025-04-20 11:00:00+00:00
DALTON,DALT,186,2025-04-20 13:20:00+00:00,,False,False,,&mdash;,WHITE RIVER,SUDBURY,MISSANABIE,2025-04-20 11:00:00+00:00
BOLKOW,BOLK,186,2025-04-20 13:35:00+00:00,,False,False,,&mdash;,WHITE RIVER,SUDBURY,DALTON,2025-04-20 11:00:00+00:00
NICHOLSON,NICH,186,2025-04-20 13:55:01+00:00,,False,False,,&mdash;,WHITE RIVER,SUDBURY,BOLKOW,2025-04-20 11:00:00+00:00
MUSK,MUSK,186,2025-04-20 14:02:00+00:00,,False,False,,&mdash;,WHITE RIVER,SUDBURY,NICHOLSON,2025-04-20 11:00:00+00:00
ESHER,ESHR,186,2025-04-20 14:15:00+00:00,,False,False,,&mdash;,WHITE RIVER,SUDBURY,MUSK,2025-04-20 11:00:00+00:00
CHAPLEAU,CHAP,186,2025-04-20 14:30:00+00:00,,False,False,,&mdash;,WHITE RIVER,SUDBURY,ESHER,2025-04-20 11:00:00+00:00
DEVON,DEVN,186,2025-04-20 15:00:00+00:00,,False,False,,&mdash;,WHITE RIVER,SUDBURY,CHAPLEAU,2025-04-20 11:00:00+00:00
NEMEGOS,NEME,186,2025-04-20 15:15:00+00:00,,False,False,,&mdash;,WHITE RIVER,SUDBURY,DEVON,2025-04-20 11:00:00+00:00
KINOGAMA,KINO,186,2025-04-20 15:29:00+00:00,,False,False,,&mdash;,WHITE RIVER,SUDBURY,NEMEGOS,2025-04-20 11:00:00+00:00
KORMAK,KORM,186,2025-04-20 15:31:00+00:00,,False,False,,&mdash;,WHITE RIVER,SUDBURY,KINOGAMA,2025-04-20 11:00:00+00:00
SULTAN,SULT,186,2025-04-20 15:50:00+00:00,,False,False,,&mdash;,WHITE RIVER,SUDBURY,KORMAK,2025-04-20 11:00:00+00:00
WOMAN RIVER,WOMR,186,2025-04-20 16:05:00+00:00,,False,False,,&mdash;,WHITE RIVER,SUDBURY,SULTAN,2025-04-20 11:00:00+00:00
RAMSEY,RAMS,186,2025-04-20 16:20:00+00:00,,False,False,,&mdash;,WHITE RIVER,SUDBURY,WOMAN RIVER,2025-04-20 11:00:00+00:00
ROBERTS,RBRT,186,2025-04-20 16:37:00+00:00,,False,False,,&mdash;,WHITE RIVER,SUDBURY,RAMSEY,2025-04-20 11:00:00+00:00
BISCOTASING,BISC,186,2025-04-20 16:45:00+00:00,,False,False,,&mdash;,WHITE RIVER,SUDBURY,ROBERTS,2025-04-20 11:00:00+00:00
SINKER,SNKR,186,2025-04-20 17:10:00+00:00,,False,False,,&mdash;,WHITE RIVER,SUDBURY,BISCOTASING,2025-04-20 11:00:00+00:00
METAGAMA,MTGM,186,2025-04-20 17:15:00+00:00,,False,False,,&mdash;,WHITE RIVER,SUDBURY,SINKER,2025-04-20 11:00:00+00:00
FORKS,FRKS,186,2025-04-20 17:31:00+00:00,,False,False,,&mdash;,WHITE RIVER,SUDBURY,METAGAMA,2025-04-20 11:00:00+00:00
SHEAHAN,SHEA,186,2025-04-20 17:41:00+00:00,,False,False,,&mdash;,WHITE RIVER,SUDBURY,FORKS,2025-04-20 11:00:00+00:00
POGAMASING,POGA,186,2025-04-20 17:45:00+00:00,,False,False,,&mdash;,WHITE RIVER,SUDBURY,SHEAHAN,2025-04-20 11:00:00+00:00
STRALAK,STRL,186,2025-04-20 18:03:00+00:00,,False,False,,&mdash;,WHITE RIVER,SUDBURY,POGAMASING,2025-04-20 11:00:00+00:00
BENNY,BENN,186,2025-04-20 18:10:00+00:00,,False,False,,&mdash;,WHITE RIVER,SUDBURY,STRALAK,2025-04-20 11:00:00+00:00
OTTAWA,OTTW,47,2025-04-20 16:23:00+00:00,,False,False,,&mdash;,OTTAWA,TORONTO,,2025-04-20 16:23:00+00:00
FALLOWFIELD,FALL,47,2025-04-20 16:40:00+00:00,,False,False,,&mdash;,OTTAWA,TORONTO,OTTAWA,2025-04-20 16:23:00+00:00
SMITHS FALLS,SMTF,47,2025-04-20 17:18:00+00:00,,False,False,,&mdash;,OTTAWA,TORONTO,FALLOWFIELD,2025-04-20 16:23:00+00:00
BROCKVILLE,BRKV,47,2025-04-20 17:54:00+00:00,,False,False,,&mdash;,OTTAWA,TORONTO,SMITHS FALLS,2025-04-20 16:23:00+00:00
MONTRÉAL,MTRL,63,2025-04-20 12:46:00+00:00,,False,False,,&mdash;,MONTRÉAL,TORONTO,,2025-04-20 12:46:00+00:00
DORVAL,DORV,63,2025-04-20 13:11:00+00:00,,False,False,,&mdash;,MONTRÉAL,TORONTO,MONTRÉAL,2025-04-20 12:46:00+00:00
CORNWALL,CWLL,63,2025-04-20 14:04:00+00:00,,False,False,,&mdash;,MONTRÉAL,TORONTO,DORVAL,2025-04-20 12:46:00+00:00
BROCKVILLE,BRKV,63,2025-04-20 14:54:00+00:00,,False,False,,&mdash;,MONTRÉAL,TORONTO,CORNWALL,2025-04-20 12:46:00+00:00
KINGSTON,KGON,63,2025-04-20 15:39:00+00:00,,False,False,,&mdash;,MONTRÉAL,TORONTO,BROCKVILLE,2025-04-20 12:46:00+00:00
BELLEVILLE,BLVL,63,2025-04-20 16:20:00+00:00,,False,False,,&mdash;,MONTRÉAL,TORONTO,KINGSTON,2025-04-20 12:46:00+00:00
COBOURG,CBRG,63,2025-04-20 16:58:00+00:00,,False,False,,&mdash;,MONTRÉAL,TORONTO,BELLEVILLE,2025-04-20 12:46:00+00:00
OSHAWA,OSHA,63,2025-04-20 17:34:00+00:00,,False,False,,&mdash;,MONTRÉAL,TORONTO,COBOURG,2025-04-20 12:46:00+00:00
GUILDWOOD,GUIL,63,2025-04-20 17:58:00+00:00,,False,False,,&mdash;,MONTRÉAL,TORONTO,OSHAWA,2025-04-20 12:46:00+00:00
TORONTO,TRTO,63,2025-04-20 18:18:00+00:00,,False,False,,&mdash;,MONTRÉAL,TORONTO,GUILDWOOD,2025-04-20 12:46:00+00:00
SENNETERRE,SENN,606,2025-04-20 13:28:00+00:00,,False,False,,&mdash;,SENNETERRE,MONTRÉAL,,2025-04-20 13:28:00+00:00
MÉGISCANE,MEGI,606,2025-04-20 13:42:00+00:00,,False,False,,&mdash;,SENNETERRE,MONTRÉAL,SENNETERRE,2025-04-20 13:28:00+00:00
SIGNAI,SIGN,606,2025-04-20 13:58:00+00:00,,False,False,,&mdash;,SENNETERRE,MONTRÉAL,MÉGISCANE,2025-04-20 13:28:00+00:00
PRESS,PRSS,606,2025-04-20 14:06:00+00:00,,False,False,,&mdash;,SENNETERRE,MONTRÉAL,SIGNAI,2025-04-20 13:28:00+00:00
FORSYTHE,FORS,606,2025-04-20 14:25:00+00:00,,False,False,,&mdash;,SENNETERRE,MONTRÉAL,PRESS,2025-04-20 13:28:00+00:00
BOLGER,BGQU,606,2025-04-20 14:32:00+00:00,,False,False,,&mdash;,SENNETERRE,MONTRÉAL,FORSYTHE,2025-04-20 13:28:00+00:00
DIX,DIXX,606,2025-04-20 14:43:00+00:00,,False,False,,&mdash;,SENNETERRE,MONTRÉAL,BOLGER,2025-04-20 13:28:00+00:00
GAGNON,GAGN,606,2025-04-20 14:46:00+00:00,,False,False,,&mdash;,SENNETERRE,MONTRÉAL,DIX,2025-04-20 13:28:00+00:00
DA-ROU-LAC LODGE,DRLL,606,2025-04-20 14:55:00+00:00,,False,False,,&mdash;,SENNETERRE,MONTRÉAL,GAGNON,2025-04-20 13:28:00+00:00
LANGLADE,LNGL,606,2025-04-20 14:56:06+00:00,,False,False,,&mdash;,SENNETERRE,MONTRÉAL,DA-ROU-LAC LODGE,2025-04-20 13:28:00+00:00
CLUB BEAUDIN INC.,BDNC,606,2025-04-20 15:03:00+00:00,,False,False,,&mdash;,SENNETERRE,MONTRÉAL,LANGLADE,2025-04-20 13:28:00+00:00
BOURMONT,BRMT,606,2025-04-20 15:08:00+00:00,,False,False,,&mdash;,SENNETERRE,MONTRÉAL,CLUB BEAUDIN INC.,2025-04-20 13:28:00+00:00
CLUB KAPITACHUAN,KPTC,606,2025-04-20 15:10:00+00:00,,False,False,,&mdash;,SENNETERRE,MONTRÉAL,BOURMONT,2025-04-20 13:28:00+00:00
CONSOLIDATED BATHURST,CBAT,606,2025-04-20 15:14:00+00:00,,False,False,,&mdash;,SENNETERRE,MONTRÉAL,CLUB KAPITACHUAN,2025-04-20 13:28:00+00:00
MONET,MNET,606,2025-04-20 15:22:00+00:00,,False,False,,&mdash;,SENNETERRE,MONTRÉAL,CONSOLIDATED BATHURST,2025-04-20 13:28:00+00:00
COQUAR,COQU,606,2025-04-20 15:33:00+00:00,,False,False,,&mdash;,SENNETERRE,MONTRÉAL,MONET,2025-04-20 13:28:00+00:00
CLOVA,CLOV,606,2025-04-20 15:42:00+00:00,,False,False,,&mdash;,SENNETERRE,MONTRÉAL,COQUAR,2025-04-20 13:28:00+00:00
RIVIÈRE OSKÉLANÉO,OSKR,606,2025-04-20 15:55:00+00:00,,False,False,,&mdash;,SENNETERRE,MONTRÉAL,CLOVA,2025-04-20 13:28:00+00:00
OSKELANEO LODGE,OSKL,606,2025-04-20 16:06:00+00:00,,False,False,,&mdash;,SENNETERRE,MONTRÉAL,RIVIÈRE OSKÉLANÉO,2025-04-20 13:28:00+00:00
GREENING,GRNG,606,2025-04-20 16:14:00+00:00,,False,False,,&mdash;,SENNETERRE,MONTRÉAL,OSKELANEO LODGE,2025-04-20 13:28:00+00:00
CLUB MANIWAWA,MWWC,606,2025-04-20 16:25:00+00:00,,False,False,,&mdash;,SENNETERRE,MONTRÉAL,GREENING,2025-04-20 13:28:00+00:00
STRACHAN,STRN,606,2025-04-20 16:32:00+00:00,,False,False,,&mdash;,SENNETERRE,MONTRÉAL,CLUB MANIWAWA,2025-04-20 13:28:00+00:00
CLUB RITA INC.,RTAC,606,2025-04-20 16:36:00+00:00,,False,False,,&mdash;,SENNETERRE,MONTRÉAL,STRACHAN,2025-04-20 13:28:00+00:00
TIMBRELL,TIMB,606,2025-04-20 16:46:00+00:00,,False,False,,&mdash;,SENNETERRE,MONTRÉAL,CLUB RITA INC.,2025-04-20 13:28:00+00:00
PARENT,PARE,606,2025-04-20 17:06:00+00:00,,False,False,,&mdash;,SENNETERRE,MONTRÉAL,TIMBRELL,2025-04-20 13:28:00+00:00
MANJOBAGUES,MJBG,606,2025-04-20 17:24:00+00:00,,False,False,,&mdash;,SENNETERRE,MONTRÉAL,PARENT,2025-04-20 13:28:00+00:00
CLUB SISCO,SSCC,606,2025-04-20 17:32:00+00:00,,False,False,,&mdash;,SENNETERRE,MONTRÉAL,MANJOBAGUES,2025-04-20 13:28:00+00:00
MCCARTHY,MCCA,606,2025-04-20 17:35:00+00:00,,False,False,,&mdash;,SENNETERRE,MONTRÉAL,CLUB SISCO,2025-04-20 13:28:00+00:00
CASEY,CASY,606,2025-04-20 17:49:00+00:00,,False,False,,&mdash;,SENNETERRE,MONTRÉAL,MCCARTHY,2025-04-20 13:28:00+00:00
HIBBARD,HIBB,606,2025-04-20 18:02:00+00:00,,False,False,,&mdash;,SENNETERRE,MONTRÉAL,CASEY,2025-04-20 13:28:00+00:00
CLUB BELANGER,BLGC,606,2025-04-20 18:13:00+00:00,,False,False,,&mdash;,SENNETERRE,MONTRÉAL,HIBBARD,2025-04-20 13:28:00+00:00
CANN,CANN,606,2025-04-20 18:19:00+00:00,,False,False,,&mdash;,SENNETERRE,MONTRÉAL,CLUB BELANGER,2025-04-20 13:28:00+00:00
TORONTO,TRTO,40,2025-04-20 14:37:00+00:00,,False,False,,&mdash;,TORONTO,OTTAWA,,2025-04-20 14:37:00+00:00
GUILDWOOD,GUIL,40,2025-04-20 14:55:00+00:00,,False,False,,&mdash;,TORONTO,OTTAWA,TORONTO,2025-04-20 14:37:00+00:00
BELLEVILLE,BLVL,40,2025-04-20 16:14:00+00:00,,False,False,,&mdash;,TORONTO,OTTAWA,GUILDWOOD,2025-04-20 14:37:00+00:00
KINGSTON,KGON,40,2025-04-20 16:53:00+00:00,,False,False,,&mdash;,TORONTO,OTTAWA,BELLEVILLE,2025-04-20 14:37:00+00:00
OTTAWA,OTTW,624,2025-04-20 11:45:00+00:00,,False,False,,&mdash;,OTTAWA,QUÉBEC,,2025-04-20 11:45:00+00:00
ALEXANDRIA,ALEX,624,2025-04-20 12:31:00+00:00,,False,False,,&mdash;,OTTAWA,QUÉBEC,OTTAWA,2025-04-20 11:45:00+00:00
DORVAL,DORV,624,2025-04-20 13:16:00+00:00,,False,False,,&mdash;,OTTAWA,QUÉBEC,ALEXANDRIA,2025-04-20 11:45:00+00:00
MONTRÉAL,MTRL,624,2025-04-20 13:39:00+00:00,,False,False,,&mdash;,OTTAWA,QUÉBEC,DORVAL,2025-04-20 11:45:00+00:00
ST. LAMBERT,SLAM,624,2025-04-20 14:28:00+00:00,2025-04-20 14:28:00+00:00,False,False,0.0,10h06,OTTAWA,QUÉBEC,MONTRÉAL,2025-04-20 11:45:00+00:00
ST. HYACINTHE,SHYA,624,2025-04-20 15:06:00+00:00,2025-04-20 15:06:00+00:00,False,False,0.0,10h44,OTTAWA,QUÉBEC,ST. LAMBERT,2025-04-20 11:45:00+00:00
DRUMMONDVILLE,DRMV,624,2025-04-20 15:34:00+00:00,2025-04-20 15:34:00+00:00,False,False,0.0,11h12,OTTAWA,QUÉBEC,ST. HYACINTHE,2025-04-20 11:45:00+00:00
CHARNY,CHNY,624,2025-04-20 17:13:00+00:00,2025-04-20 17:13:00+00:00,False,False,0.0,12h51,OTTAWA,QUÉBEC,DRUMMONDVILLE,2025-04-20 11:45:00+00:00
STE-FOY,SFOY,624,2025-04-20 17:20:00+00:00,2025-04-20 17:20:00+00:00,False,False,0.0,12h58,OTTAWA,QUÉBEC,CHARNY,2025-04-20 11:45:00+00:00
QUÉBEC,QBEC,624,2025-04-20 17:48:00+00:00,2025-04-20 17:48:00+00:00,False,False,0.0,13h26,OTTAWA,QUÉBEC,STE-FOY,2025-04-20 11:45:00+00:00
QUÉBEC,QBEC,35,2025-04-20 12:06:00+00:00,,False,False,,&mdash;,QUÉBEC,OTTAWA,,2025-04-20 12:06:00+00:00
STE-FOY,SFOY,35,2025-04-20 12:31:00+00:00,,False,False,,&mdash;,QUÉBEC,OTTAWA,QUÉBEC,2025-04-20 12:06:00+00:00
CHARNY,CHNY,35,2025-04-20 12:40:00+00:00,,False,False,,&mdash;,QUÉBEC,OTTAWA,STE-FOY,2025-04-20 12:06:00+00:00
DRUMMONDVILLE,DRMV,35,2025-04-20 14:14:00+00:00,,False,False,,&mdash;,QUÉBEC,OTTAWA,CHARNY,2025-04-20 12:06:00+00:00
ST. HYACINTHE,SHYA,35,2025-04-20 14:44:00+00:00,,False,False,,&mdash;,QUÉBEC,OTTAWA,DRUMMONDVILLE,2025-04-20 12:06:00+00:00
ST. LAMBERT,SLAM,35,2025-04-20 15:11:00+00:00,,False,False,,&mdash;,QUÉBEC,OTTAWA,ST. HYACINTHE,2025-04-20 12:06:00+00:00
MONTRÉAL,MTRL,35,2025-04-20 15:26:00+00:00,,False,False,,&mdash;,QUÉBEC,OTTAWA,ST. LAMBERT,2025-04-20 12:06:00+00:00
DORVAL,DORV,35,2025-04-20 16:18:00+00:00,2025-04-20 16:18:00+00:00,False,False,0.0,11h56,QUÉBEC,OTTAWA,MONTRÉAL,2025-04-20 12:06:00+00:00
COTEAU,COTO,35,2025-04-20 16:46:00+00:00,2025-04-20 16:46:00+00:00,False,False,0.0,12h24,QUÉBEC,OTTAWA,DORVAL,2025-04-20 12:06:00+00:00
ALEXANDRIA,ALEX,35,2025-04-20 17:08:00+00:00,2025-04-20 17:08:00+00:00,False,False,0.0,12h46,QUÉBEC,OTTAWA,COTEAU,2025-04-20 12:06:00+00:00
CASSELMAN,CSLM,35,2025-04-20 17:31:00+00:00,2025-04-20 17:31:00+00:00,False,False,0.0,13h09,QUÉBEC,OTTAWA,ALEXANDRIA,2025-04-20 12:06:00+00:00
OTTAWA,OTTW,35,2025-04-20 17:58:00+00:00,2025-04-20 17:58:00+00:00,False,False,0.0,13h36,QUÉBEC,OTTAWA,CASSELMAN,2025-04-20 12:06:00+00:00
HALIFAX,HLFX,15,2025-04-20 14:30:00+00:00,,False,False,,&mdash;,HALIFAX,MONTRÉAL,,2025-04-20 14:30:00+00:00
TRURO,TRUR,15,2025-04-20 15:56:00+00:00,,False,False,,&mdash;,HALIFAX,MONTRÉAL,HALIFAX,2025-04-20 14:30:00+00:00
SPRINGHILL JCT,SPRJ,15,2025-04-20 17:12:00+00:00,,False,False,,&mdash;,HALIFAX,MONTRÉAL,TRURO,2025-04-20 14:30:00+00:00
AMHERST,AMHS,15,2025-04-20 17:35:00+00:00,,False,False,,&mdash;,HALIFAX,MONTRÉAL,SPRINGHILL JCT,2025-04-20 14:30:00+00:00
SACKVILLE,SACK,15,2025-04-20 17:52:00+00:00,,False,False,,&mdash;,HALIFAX,MONTRÉAL,AMHERST,2025-04-20 14:30:00+00:00
PRINCE RUPERT,PRUP,6,2025-04-20 15:00:00+00:00,,False,False,,&mdash;,PRINCE RUPERT,JASPER,,2025-04-20 15:00:00+00:00
CASSIAR CANNERY,CASS,6,2025-04-20 15:20:00+00:00,,False,False,,&mdash;,PRINCE RUPERT,JASPER,PRINCE RUPERT,2025-04-20 15:00:00+00:00
KWINITSA,KWIN,6,2025-04-20 16:17:00+00:00,,False,False,,&mdash;,PRINCE RUPERT,JASPER,CASSIAR CANNERY,2025-04-20 15:00:00+00:00
TERRACE,TRRC,6,2025-04-20 17:20:00+00:00,,False,False,,&mdash;,PRINCE RUPERT,JASPER,KWINITSA,2025-04-20 15:00:00+00:00
USK,USKX,6,2025-04-20 17:48:00+00:00,,False,False,,&mdash;,PRINCE RUPERT,JASPER,TERRACE,2025-04-20 15:00:00+00:00
PACIFIC,PACI,6,2025-04-20 18:07:00+00:00,,False,False,,&mdash;,PRINCE RUPERT,JASPER,USK,2025-04-20 15:00:00+00:00
DORREEN,DORR,6,2025-04-20 18:19:00+00:00,,False,False,,&mdash;,PRINCE RUPERT,JASPER,PACIFIC,2025-04-20 15:00:00+00:00
JONQUIÈRE,JONQ,602,2025-04-20 15:58:00+00:00,,False,False,,&mdash;,JONQUIÈRE,MONTRÉAL,,2025-04-20 15:58:00+00:00
HÉBERTVILLE,HEBV,602,2025-04-20 16:32:00+00:00,,False,False,,&mdash;,JONQUIÈRE,MONTRÉAL,JONQUIÈRE,2025-04-20 15:58:00+00:00
CHAMBORD,CHBD,602,2025-04-20 17:09:00+00:00,,False,False,,&mdash;,JONQUIÈRE,MONTRÉAL,HÉBERTVILLE,2025-04-20 15:58:00+00:00
LAC-BOUCHETTE,LBOU,602,2025-04-20 17:47:00+00:00,,False,False,,&mdash;,JONQUIÈRE,MONTRÉAL,CHAMBORD,2025-04-20 15:58:00+00:00
CLUB LIZOTTE,LIZO,602,2025-04-20 18:13:00+00:00,,False,False,,&mdash;,JONQUIÈRE,MONTRÉAL,LAC-BOUCHETTE,2025-04-20 15:58:00+00:00
OTTAWA,OTTW,26,2025-04-20 18:17:00+00:00,,False,False,,&mdash;,OTTAWA,QUÉBEC,,2025-04-20 18:17:00+00:00
WINDSOR,WDON,79,2025-04-20 03:44:00+00:00,2025-04-20 04:21:13+00:00,True,True,37.0,ARR,TORONTO,WINDSOR,,2025-04-20 03:44:00+00:00
